network_name,owner_derived_network_name,clinic_name,enrollment_id,npi,ccn,address,address2,city,county,region_scope,zip,phone,lat,lon,geocode_match,matched_address,geocode_source,source
CENTRAL WASHINGTON HEALTH SERVICES ASSOCIATION,CENTRAL WASHINGTON HEALTH SERVICES ASSOCIATION,CONFLUENCE HEALTH BREWSTER CLINIC,O20230712001869,1861112351,503920,418 W. MAIN ST,,BREWSTER,Okanogan,Eastern WA,98812,5096898900,48.099246372235,-119.78200190188,Match,"418 W MAIN, BREWSTER, WA, 98812",Census geocoder,CMS RHC Enrollments 2026-04-01
CENTRAL WASHINGTON HEALTH SERVICES ASSOCIATION,CENTRAL WASHINGTON HEALTH SERVICES ASSOCIATION,CONFLUENCE HEALTH CASHMERE CLINIC,O20230712001979,1811617608,503933,303 COTTAGE AVE,,CASHMERE,Chelan,Eastern WA,98815,5091821541,47.521539567571,-120.465231028464,Match,"303 COTTAGE AVE, CASHMERE, WA, 98815",Census geocoder,CMS RHC Enrollments 2026-04-01
CENTRAL WASHINGTON HEALTH SERVICES ASSOCIATION,CENTRAL WASHINGTON HEALTH SERVICES ASSOCIATION,CONFLUENCE HEALTH E WENATCHEE CLINIC,O20230712002567,1760102438,503931,100 HIGHLINE DR,,E WENATCHEE,Douglas,Eastern WA,98802,5098840614,47.404781437557,-120.281887993608,Match,"100 HIGHLINE DR, E WENATCHEE, WA, 98802",Census geocoder,CMS RHC Enrollments 2026-04-01
CENTRAL WASHINGTON HEALTH SERVICES ASSOCIATION,CENTRAL WASHINGTON HEALTH SERVICES ASSOCIATION,CONFLUENCE HEALTH EPHRATA CLINIC,O20230712001623,1942920616,503927,314 BASIN ST SW,,EPHRATA,Grant,Eastern WA,98823,5097457186,47.317416970241,-119.553888141722,Match,"314 BASIN ST SW, EPHRATA, WA, 98823",Census geocoder,CMS RHC Enrollments 2026-04-01
CENTRAL WASHINGTON HEALTH SERVICES ASSOCIATION,CENTRAL WASHINGTON HEALTH SERVICES ASSOCIATION,CONFLUENCE HEALTH MOSES LAKE CLINIC,O20230712001457,1457071235,503934,840 E HILL AVE,,MOSES LAKE,Grant,Eastern WA,98837,5097646400,47.121390498271,-119.265666923962,Match,"840 E HILL AVE, MOSES LAKE, WA, 98837",Census geocoder,CMS RHC Enrollments 2026-04-01
CENTRAL WASHINGTON HEALTH SERVICES ASSOCIATION,CENTRAL WASHINGTON HEALTH SERVICES ASSOCIATION,CONFLUENCE HEALTH OMAK CLINIC,O20230712002053,1760102545,503935,916 KOALA DR,,OMAK,Okanogan,Eastern WA,98841,5098261800,48.421339016541,-119.505083710363,Match,"916 KOALA DR, OMAK, WA, 98841",Census geocoder,CMS RHC Enrollments 2026-04-01
CENTRAL WASHINGTON HEALTH SERVICES ASSOCIATION,CENTRAL WASHINGTON HEALTH SERVICES ASSOCIATION,CONFLUENCE HEALTH OROVILLE CLINIC,O20230712001321,1134849920,503936,1617 MAIN ST,,OROVILLE,Okanogan,Eastern WA,98844,5094763631,48.940347037899,-119.434293160793,Match,"1617 MAIN ST, OROVILLE, WA, 98844",Census geocoder,CMS RHC Enrollments 2026-04-01
CENTRAL WASHINGTON HEALTH SERVICES ASSOCIATION,CENTRAL WASHINGTON HEALTH SERVICES ASSOCIATION,CONFLUENCE HEALTH ROYAL CITY CLINIC,O20230807003948,1932829488,503854,103 CAMELIA ST NW,,ROYAL CITY,Grant,Eastern WA,99357,5093461447,46.900181488156,-119.634960515701,Match,"103 CAMELIA ST, ROYAL CITY, WA, 99357",Census geocoder,CMS RHC Enrollments 2026-04-01
CENTRAL WASHINGTON HEALTH SERVICES ASSOCIATION,CENTRAL WASHINGTON HEALTH SERVICES ASSOCIATION,CONFLUENCE HEALTH TONASKET CLINIC,O20230712001048,1386364172,503932,17 S WESTERN AVE,,TONASKET,Okanogan,Eastern WA,98855,5094862174,48.708019001602,-119.438404389825,Match,"17 WESTERN AVE, TONASKET, WA, 98855",Census geocoder,CMS RHC Enrollments 2026-04-01
CENTRAL WASHINGTON HEALTH SERVICES ASSOCIATION,CENTRAL WASHINGTON HEALTH SERVICES ASSOCIATION,CONFLUENCE HEALTH WATERVILLE CLINIC,O20230712001730,1306566070,503937,117 S CHELAN AVE,,WATERVILLE,Douglas,Eastern WA,98858,5097458461,47.646785017498,-120.071339427545,Match,"117 S CHELAN AVE, WATERVILLE, WA, 98858",Census geocoder,CMS RHC Enrollments 2026-04-01
CENTRAL WASHINGTON HEALTH SERVICES ASSOCIATION,CENTRAL WASHINGTON HEALTH SERVICES ASSOCIATION,CONFLUENCE HEALTH WENATCHEE CLINIC,O20230712001556,1386364842,503938,820 N CHELAN AVE,,WENATCHEE,Chelan,Eastern WA,98801,5096638711,47.433898309001,-120.32233735567,Match,"820 N CHELAN AVE, WENATCHEE, WA, 98801",Census geocoder,CMS RHC Enrollments 2026-04-01
CHELAN COUNTY PUBLIC HOSPITAL DISTRICT NO 2,CHELAN COUNTY PUBLIC HOSPITAL DISTRICT NO 2,EXPRESS CARE LAKE CHELAN HEALTH,O20140710001062,1124438312,508567,219 E JOHNSON AVE,,CHELAN,Chelan,Eastern WA,98816,5096822511,47.8410210,-120.0153318,No_Match,,Nominatim address fallback,CMS RHC Enrollments 2026-04-01
CHELAN COUNTY PUBLIC HOSPITAL DISTRICT NO. 1,CHELAN COUNTY PUBLIC HOSPITAL DISTRICT NO. 1,CASCADE MEDICAL CENTER,O20080206000602,1437141215,503992,817 COMMERCIAL STREET,,LEAVENWORTH,Chelan,Eastern WA,98826,5095483420,47.596627967996,-120.656258130503,Match,"817 COMMERCIAL ST, LEAVENWORTH, WA, 98826",Census geocoder,CMS RHC Enrollments 2026-04-01
CHEWELAH ASSOCIATED PHYSICIANS PS,CHEWELAH ASSOCIATED PHYSICIANS PS,CHEWELAH ASSOCIATED PHYSICIANS,O20090513000593,1104971365,503868,410 E KING ST,,CHEWELAH,Stevens,Eastern WA,99109,5099358711,48.275171544922,-117.712337651518,Match,"410 E KING AVE, CHEWELAH, WA, 99109",Census geocoder,CMS RHC Enrollments 2026-04-01
CLALLAM COUNTY PUBLIC HOSPITAL DISTRICT NO 1,CLALLAM COUNTY PUBLIC HOSPITAL DISTRICT NO 1,BOGACHIEL CLINIC,O20090522000376,1285683052,508520,390 FOUNDERS WAY,,FORKS,Clallam,Western/other WA,98331,3603746998,47.9468936,-124.3943023,No_Match,,Nominatim address fallback,CMS RHC Enrollments 2026-04-01
CLALLAM COUNTY PUBLIC HOSPITAL DISTRICT NO 1,CLALLAM COUNTY PUBLIC HOSPITAL DISTRICT NO 1,CLALLAM BAY MEDICAL CLINIC,O20090323000125,1235213034,503975,74 BOGACHIEL ST,,CLALLAM BAY,Clallam,Western/other WA,98326,3609632202,48.252514856415,-124.26173931565,Match,"74 BOGACHIEL ST, CLALLAM BAY, WA, 98326",Census geocoder,CMS RHC Enrollments 2026-04-01
CLALLAM COUNTY PUBLIC HOSPITAL DISTRICT NO 1,CLALLAM COUNTY PUBLIC HOSPITAL DISTRICT NO 1,FORKS FAMILY MEDICAL CLINIC,O20190624000999,1285290338,508591,461 G ST,,FORKS,Clallam,Western/other WA,98331,3603743280,47.944221891283,-124.391069093741,Match,"461 G ST, FORKS, WA, 98331",Census geocoder,CMS RHC Enrollments 2026-04-01
COLUMBIA COUNTY HOSPITAL DISTRICT,COLUMBIA COUNTY HOSPITAL DISTRICT,COLUMBIA FAMILY CLINIC,O20101007000021,1518044551,503977,1012 S 3RD ST,,DAYTON,Columbia,Eastern WA,99328,5093823200,46.312719228046,-117.969128064361,Match,"1012 S 3RD ST, DAYTON, WA, 99328",Census geocoder,CMS RHC Enrollments 2026-04-01
COLUMBIA COUNTY HOSPITAL DISTRICT,COLUMBIA COUNTY HOSPITAL DISTRICT,WAITSBURG CLINIC,O20101007000177,1215018346,503978,235 MAIN STREET,,WAITSBURG,Walla Walla,Eastern WA,99361,5093376311,46.269763908039,-118.154855235711,Match,"235 MAIN ST, WAITSBURG, WA, 99361",Census geocoder,CMS RHC Enrollments 2026-04-01
DEREK S WEAVER DO PLLC,DEREK S WEAVER DO PLLC,WEAVER FAMILY MEDICINE,O20160229003053,1982081485,503923,2935 ALLEN RD,,SUNNYSIDE,Yakima,Eastern WA,98944,5098370070,46.309570583551,-119.982097973564,Match,"2935 ALLEN RD, SUNNYSIDE, WA, 98944",Census geocoder,CMS RHC Enrollments 2026-04-01
"DOUGLAS, GRANT, LINCOLN & OKANOGAN COUNTIES PUBLIC HOSPITAL DISTRICT 6","DOUGLAS, GRANT, LINCOLN & OKANOGAN COUNTIES PUBLIC HOSPITAL DISTRICT 6",COULEE FAMILY MEDICINE,O20050713000325,1457420218,503981,411 FORTUYN RD,,GRAND COULEE,Grant,Eastern WA,99133,5096331911,47.942315706024,-119.005646925644,Match,"411 FORTUYN RD, GRAND COULEE, WA, 99133",Census geocoder,CMS RHC Enrollments 2026-04-01
"DOUGLAS, GRANT, LINCOLN & OKANOGAN COUNTIES PUBLIC HOSPITAL DISTRICT 6","DOUGLAS, GRANT, LINCOLN & OKANOGAN COUNTIES PUBLIC HOSPITAL DISTRICT 6",COULEE MEDICAL CENTER,O20030717000035,1720169048,508535,218 W MAIN ST,,COULEE CITY,Grant,Eastern WA,99155,5096336229,47.611194348839,-119.290516611065,Match,"218 W MAIN ST, COULEE CITY, WA, 99115",Census geocoder,CMS RHC Enrollments 2026-04-01
"FAMILY CARE NETWORK, PLLC","FAMILY CARE NETWORK, PLLC",FAMILY CARE NETWORK BIRCH BAY FAMILY MEDICINE,O20051208000962,1013049766,503905,8097 HARBORVIEW RD,,BLAINE,Whatcom,Western/other WA,98230,3603715855,48.935894547853,-122.748354456061,Match,"8097 HARBORVIEW RD, BLAINE, WA, 98230",Census geocoder,CMS RHC Enrollments 2026-04-01
"FAMILY CARE NETWORK, PLLC","FAMILY CARE NETWORK, PLLC",FAMILY CARE NETWORK FERNDALE FAMILY MEDICAL CENTER,O20051207000836,1841322591,503903,5580 NORDIC PL,,FERNDALE,Whatcom,Western/other WA,98248,3603841511,48.843762249516,-122.57693894926,Match,"5580 NORDIC WAY, FERNDALE, WA, 98248",Census geocoder,CMS RHC Enrollments 2026-04-01
"FAMILY CARE NETWORK, PLLC","FAMILY CARE NETWORK, PLLC",FAMILY CARE NETWORK ISLAND FAMILY PHYSICIANS,O20150108001892,1518014281,503863,2511 M AVE,SUITE A,ANACORTES,Skagit,Western/other WA,98221,3602939813,48.501969102788,-122.6173663464,Match,"2511 M AVE, ANACORTES, WA, 98221",Census geocoder,CMS RHC Enrollments 2026-04-01
"FAMILY CARE NETWORK, PLLC","FAMILY CARE NETWORK, PLLC",FAMILY CARE NETWORK LYNDEN FAMILY MEDICINE,O20051206000858,1669504312,503902,1610 GROVER STREET,SUITE D1,LYNDEN,Whatcom,Western/other WA,98264,3603541333,48.940694254206,-122.468061493791,Match,"1610 GROVER ST, LYNDEN, WA, 98264",Census geocoder,CMS RHC Enrollments 2026-04-01
FERRY COUNTY PUBLIC HOSPITAL DISTRICT NO 1,FERRY COUNTY PUBLIC HOSPITAL DISTRICT NO 1,CURLEW MEDICAL CLINIC,O20081027000299,1205988219,508533,9 KETTLE RIVER CT,,CURLEW,Ferry,Eastern WA,99118,5097794049,48.883412479378,-118.605782711449,Match,"9 KETTLE RIVER CT, CURLEW, WA, 99118",Census geocoder,CMS RHC Enrollments 2026-04-01
FERRY COUNTY PUBLIC HOSPITAL DISTRICT NO 1,FERRY COUNTY PUBLIC HOSPITAL DISTRICT NO 1,REPUBLIC MEDICAL CLINIC,O20070920000639,1184776916,508522,10 ROS CIR,,REPUBLIC,Ferry,Eastern WA,99166,5097753153,48.6482183,-118.7378060,No_Match,,Nominatim city fallback; exact 10 ROS CIR not found,CMS RHC Enrollments 2026-04-01
GARFIELD COUNTY MEMORIAL HOSPITAL DISTRICT,GARFIELD COUNTY MEMORIAL HOSPITAL DISTRICT,POMEROY MEDICAL CLINIC,O20060505000211,1114028693,503982,446 PATAHA ST,,POMEROY,Garfield,Eastern WA,99347,5098431491,46.473093649968,-117.605518314245,Match,"446 PATAHA ST, POMEROY, WA, 99347",Census geocoder,CMS RHC Enrollments 2026-04-01
GRANT COUNTY HOSPITAL DISTRICT NO. 2,GRANT COUNTY HOSPITAL DISTRICT NO. 2,QUINCY VALLEY MEDICAL CENTER,O20110513000133,1407920218,503976,908 10TH AVE SW,,QUINCY,Grant,Eastern WA,98848,5097873531,47.231108582059,-119.869098597944,Match,"908 10TH AVE SW, QUINCY, WA, 98848",Census geocoder,CMS RHC Enrollments 2026-04-01
GRANT COUNTY PUBLIC HOSPITAL DISTRICT 1,GRANT COUNTY PUBLIC HOSPITAL DISTRICT 1,SAMARITAN CLINIC,O20040407001158,1619086766,508536,1550 S PIONEER WAY,STE 115,MOSES LAKE,Grant,Eastern WA,98837,50979397154625,47.112738239917,-119.259743134431,Match,"1550 S PIONEER WAY, MOSES LAKE, WA, 98837",Census geocoder,CMS RHC Enrollments 2026-04-01
GRANT COUNTY PUBLIC HOSPITAL DISTRICT 1,GRANT COUNTY PUBLIC HOSPITAL DISTRICT 1,SAMARITAN CLINIC ON PATTON,O20190926001711,1609112739,508592,8420 ASPI BLVD,,MOSES LAKE,Grant,Eastern WA,98837,50979397154625,47.161990555286,-119.312516214467,Match,"8420 ASPI BLVD, MOSES LAKE, WA, 98837",Census geocoder,CMS RHC Enrollments 2026-04-01
GRANT COUNTY PUBLIC HOSPITAL DISTRICT NO. 3,GRANT COUNTY PUBLIC HOSPITAL DISTRICT NO. 3,COLUMBIA BASIN FAMILY MEDICINE CLINIC,O20080904000111,1457414799,503985,220 NAT WASHINGTON WAY,,EPHRATA,Grant,Eastern WA,98823,5097543330,47.315315600206,-119.547108575273,Match,"220 NAT WASHINGTON WAY, EPHRATA, WA, 98823",Census geocoder,CMS RHC Enrollments 2026-04-01
GRAYS HARBOR COMMUNITY HOSPITAL,GRAYS HARBOR COMMUNITY HOSPITAL,GHCH ABERDEEN EAST CLINIC,O20180322000911,1821573965,508576,1006 N H ST,,ABERDEEN,Grays Harbor,Western/other WA,98520,3605376496,46.980687710346,-123.821125506862,Match,"1006 N H ST, ABERDEEN, WA, 98520",Census geocoder,CMS RHC Enrollments 2026-04-01
GRAYS HARBOR COMMUNITY HOSPITAL,GRAYS HARBOR COMMUNITY HOSPITAL,GHCH MONTESANO CLINIC,O20180322001143,1083084677,508575,319 E PIONEER AVE,,MONTESANO,Grays Harbor,Western/other WA,98563,3602493300,46.979450852569,-123.598124773585,Match,"319 PIONEER AVE E, MONTESANO, WA, 98563",Census geocoder,CMS RHC Enrollments 2026-04-01
GRAYS HARBOR COMMUNITY HOSPITAL,GRAYS HARBOR COMMUNITY HOSPITAL,THE HOQUIAM CLINIC,O20180321002530,1376028373,508577,815 K ST,,HOQUIAM,Grays Harbor,Western/other WA,98550,3605376430,46.975743278976,-123.885563191071,Match,"815 K ST, HOQUIAM, WA, 98550",Census geocoder,CMS RHC Enrollments 2026-04-01
GRAYS HARBOR COUNTY PUBLIC HOSPITAL DISTRICT NO 1,GRAYS HARBOR COUNTY PUBLIC HOSPITAL DISTRICT NO 1,ELMA FAMILY MEDICINE,O20101105000276,1811025216,508556,575 E MAIN ST BLDG 2,,ELMA,Grays Harbor,Western/other WA,98541,3604823711,47.004815053433,-123.397391717004,Match,"575 E MAIN ST, ELMA, WA, 98541",Census geocoder,CMS RHC Enrollments 2026-04-01
GRAYS HARBOR COUNTY PUBLIC HOSPITAL DISTRICT NO 1,GRAYS HARBOR COUNTY PUBLIC HOSPITAL DISTRICT NO 1,MCCLEARY HEALTHCARE CLINIC,O20100802000472,1255401683,503998,105 W SIMPSON AVE,,MCCLEARY,Grays Harbor,Western/other WA,98557,3603462222,47.055588615058,-123.265246687467,Match,"105 W SIMPSON AVE, MCCLEARY, WA, 98557",Census geocoder,CMS RHC Enrollments 2026-04-01
GRAYS HARBOR COUNTY PUBLIC HOSPITAL DISTRICT NO 1,GRAYS HARBOR COUNTY PUBLIC HOSPITAL DISTRICT NO 1,SUMMIT PACIFIC HEALTH CLINIC,O20210316001628,1083202907,508596,579 E MAIN ST,,ELMA,Grays Harbor,Western/other WA,98541,3603462222,47.004821015365,-123.397329447872,Match,"579 E MAIN ST, ELMA, WA, 98541",Census geocoder,CMS RHC Enrollments 2026-04-01
GRAYS HARBOR COUNTY PUBLIC HOSPITAL DISTRICT NO 1,GRAYS HARBOR COUNTY PUBLIC HOSPITAL DISTRICT NO 1,SUMMIT PACIFIC HEALTHCARE CLINIC,O20130215000030,1942554183,508560,600 E MAIN ST,,ELMA,Grays Harbor,Western/other WA,98541,3603462222,47.006395785475,-123.391370877966,Match,"600 E MAIN ST, ELMA, WA, 98541",Census geocoder,CMS RHC Enrollments 2026-04-01
JEFFERSON COUNTY PUBLIC HOSPITAL DISTRICT NO 2,JEFFERSON COUNTY PUBLIC HOSPITAL DISTRICT NO 2,JEFFERSON HEALTHCARE EXPRESS CLINIC,O20180119000676,1013421114,508574,1274 7TH ST,STE A,PORT TOWNSEND,Jefferson,Western/other WA,98368,3603852204,48.10498870451,-122.791100328769,Match,"1274 7TH ST, PORT TOWNSEND, WA, 98368",Census geocoder,CMS RHC Enrollments 2026-04-01
JEFFERSON COUNTY PUBLIC HOSPITAL DISTRICT NO 2,JEFFERSON COUNTY PUBLIC HOSPITAL DISTRICT NO 2,JEFFERSON HEALTHCARE PORT LUDLOW CLINIC,O20170818002250,1801188073,508572,89 BREAKER LN,,PORT LUDLOW,Jefferson,Western/other WA,98365,3604375067,47.920201166901,-122.703737793295,Match,"89 BREAKER LN, PORT LUDLOW, WA, 98365",Census geocoder,CMS RHC Enrollments 2026-04-01
JEFFERSON COUNTY PUBLIC HOSPITAL DISTRICT NO 2,JEFFERSON COUNTY PUBLIC HOSPITAL DISTRICT NO 2,JEFFERSON HEALTHCARE SHERIDAN CLINIC,O20080514000767,1902850753,508526,915 SHERIDAN ST,,PORT TOWNSEND,Jefferson,Western/other WA,98368,3603798031,48.10657637247,-122.790411565692,Match,"915 SHERIDAN ST, PORT TOWNSEND, WA, 98368",Census geocoder,CMS RHC Enrollments 2026-04-01
JEFFERSON COUNTY PUBLIC HOSPITAL DISTRICT NO 2,JEFFERSON COUNTY PUBLIC HOSPITAL DISTRICT NO 2,JEFFERSON HEALTHCARE TOWNSEND CLINIC,O20080514000621,1952353369,508524,934 SHERIDAN ST,,PORT TOWNSEND,Jefferson,Western/other WA,98368,3603855388,48.106686295057,-122.790241476467,Match,"934 SHERIDAN ST, PORT TOWNSEND, WA, 98368",Census geocoder,CMS RHC Enrollments 2026-04-01
JEFFERSON COUNTY PUBLIC HOSPITAL DISTRICT NO 2,JEFFERSON COUNTY PUBLIC HOSPITAL DISTRICT NO 2,JEFFERSON HEALTHCARE WATERSHIP CLINIC,O20100825000119,1760433049,508525,1010 SHERIDAN ST,STE 101,PORT TOWNSEND,Jefferson,Western/other WA,98368,3603853500,48.107683668104,-122.790254153399,Match,"1010 SHERIDAN ST, PORT TOWNSEND, WA, 98368",Census geocoder,CMS RHC Enrollments 2026-04-01
JEFFERSON COUNTY PUBLIC HOSPITAL DISTRICT NO 2,JEFFERSON COUNTY PUBLIC HOSPITAL DISTRICT NO 2,SOUTH COUNTY MEDICAL CLINIC,O20100927000358,1780897074,503997,294843 US HIGHWAY 101,,QUILCENE,Jefferson,Western/other WA,98376,3607653111,47.821370154858,-122.877545018622,Match,"294843 US HWY 101, QUILCENE, WA, 98376",Census geocoder,CMS RHC Enrollments 2026-04-01
KITTITAS COUNTY PUBLIC HOSPITAL DIST 1,KITTITAS COUNTY PUBLIC HOSPITAL DIST 1,KITTITAS VALLEY HEALTHCARE FAMILY MEDICINE CLE ELUM,O20050831000802,1194747774,508541,201 ALPHA WAY,,CLE ELUM,Kittitas,Eastern WA,98922,5096745331,47.1952550,-120.9501358,No_Match,,Nominatim address fallback,CMS RHC Enrollments 2026-04-01
KITTITAS COUNTY PUBLIC HOSPITAL DIST 1,KITTITAS COUNTY PUBLIC HOSPITAL DIST 1,KITTITAS VALLEY HEALTHCARE INTERNAL MEDICINE,O20070912000895,1932115391,508545,700 E MANITOBA AVE,,ELLENSBURG,Kittitas,Eastern WA,98926,5099627398,46.988378929075,-120.538629552745,Match,"700 E MANITOBA AVE, ELLENSBURG, WA, 98926",Census geocoder,CMS RHC Enrollments 2026-04-01
KITTITAS COUNTY PUBLIC HOSPITAL DIST 1,KITTITAS COUNTY PUBLIC HOSPITAL DIST 1,MEDICAL ARTS CENTER CLINIC,O20100819000779,1770711764,508553,100 E JACKSON AVE,,ELLENSBURG,Kittitas,Eastern WA,98926,5099338777,46.986027406596,-120.546740665083,Match,"100 E JACKSON AVE, ELLENSBURG, WA, 98926",Census geocoder,CMS RHC Enrollments 2026-04-01
KLICKITAT COUNTY PUBLIC HOSPITAL DISTRICT NO 1,KLICKITAT COUNTY PUBLIC HOSPITAL DISTRICT NO 1,KVH FAMILY MEDICINE,O20040224000581,1407952369,508519,317 SANDERS WAY,,GOLDENDALE,Klickitat,Eastern WA,98620,5097734017,45.820523227949,-120.809758482129,Match,"317 SANDERS WAY, GOLDENDALE, WA, 98620",Census geocoder,CMS RHC Enrollments 2026-04-01
L G STECK MEMORIAL CLINIC P S,L G STECK MEMORIAL CLINIC P S,STECK MEDICAL GROUP,O20051209000401,1710929252,503901,1299 BISHOP ROAD,,CHEHALIS,Lewis,Western/other WA,98532,3607480211,46.639886549855,-122.941670284027,Match,"1299 BISHOP RD, CHEHALIS, WA, 98532",Census geocoder,CMS RHC Enrollments 2026-04-01
LEWIS COUNTY HOSPITAL DISTRICT NO 1,LEWIS COUNTY HOSPITAL DISTRICT NO 1,ARBOR HEALTH MORTON CLINIC,O20200428002444,1952415432,508590,521 ADAMS AVE,STE B,MORTON,Lewis,Western/other WA,98356,3604965145,46.555881200564,-122.279853589253,Match,"521 ADAMS AVE, MORTON, WA, 98356",Census geocoder,CMS RHC Enrollments 2026-04-01
LEWIS COUNTY HOSPITAL DISTRICT NO 1,LEWIS COUNTY HOSPITAL DISTRICT NO 1,ARBOR HEALTH MOSSYROCK CLINIC,O20120126000601,1205110830,508557,745 WILLIAMS ST,,MOSSYROCK,Lewis,Western/other WA,98564,3609838990,46.533623999549,-122.48536625987,Match,"745 WILLIAMS ST, MOSSYROCK, WA, 98564",Census geocoder,CMS RHC Enrollments 2026-04-01
LEWIS COUNTY HOSPITAL DISTRICT NO 1,LEWIS COUNTY HOSPITAL DISTRICT NO 1,ARBOR HEALTH PACKWOOD CLINIC,O20230302000668,1497466494,508597,13051 US HIGHWAY 12,STE 2,PACKWOOD,Lewis,Western/other WA,98361,3604965112,46.608298628432,-121.670059008661,Match,"13051 US HWY 12, PACKWOOD, WA, 98361",Census geocoder,CMS RHC Enrollments 2026-04-01
LEWIS COUNTY HOSPITAL DISTRICT NO 1,LEWIS COUNTY HOSPITAL DISTRICT NO 1,ARBOR HEALTH RANDLE CLINIC,O20030911000009,1689604563,508511,108 KINDLE ROAD,,RANDLE,Lewis,Western/other WA,98377,3604973333,46.534563024969,-121.926573418686,Match,"108 KINDLE RD, RANDLE, WA, 98377",Census geocoder,CMS RHC Enrollments 2026-04-01
LINCOLN COUNTY HOSPITAL DISTRICT 3,LINCOLN COUNTY HOSPITAL DISTRICT 3,NORTH BASIN MEDICAL CLINICS,O20080512000261,1558309518,508529,10 NICHOLLS ST,,DAVENPORT,Lincoln,Eastern WA,99122,5097257501,47.657939863876,-118.146456771305,Match,"10 NICHOLS ST, DAVENPORT, WA, 99122",Census geocoder,CMS RHC Enrollments 2026-04-01
LINCOLN COUNTY HOSPITAL DISTRICT 3,LINCOLN COUNTY HOSPITAL DISTRICT 3,NORTH BASIN MEDICAL CLINICS,O20080512000523,1639113830,508528,550 E BROADWAY AVE,,REARDAN,Lincoln,Eastern WA,99029,5097962737,47.66960419351,-117.8708771104,Match,"550 E BROADWAY AVE, REARDAN, WA, 99029",Census geocoder,CMS RHC Enrollments 2026-04-01
LINCOLN COUNTY HOSPITAL DISTRICT 3,LINCOLN COUNTY HOSPITAL DISTRICT 3,NORTH BASIN MEDICAL CLINICS,O20081021000398,1972547610,508530,214 SW MAIN ST,,WILBUR,Lincoln,Eastern WA,99185,5096475321,47.7578886,-118.7022702,Tie,,Nominatim street fallback,CMS RHC Enrollments 2026-04-01
LINCOLN COUNTY PUBLIC HOSPITAL DISTRICT 1,LINCOLN COUNTY PUBLIC HOSPITAL DISTRICT 1,ODESSA CLINIC,O20041221000415,1023122520,508501,510 E AMENDE DR,,ODESSA,Lincoln,Eastern WA,99159,5099822614,47.331480086783,-118.68047360334,Match,"510 AMENDE DR E, ODESSA, WA, 99159",Census geocoder,CMS RHC Enrollments 2026-04-01
MID-VALLEY COMMUNITY CLINIC PLLC,MID-VALLEY COMMUNITY CLINIC PLLC,MID-VALLEY COMMUNITY CLINIC PLLC,O20051011001118,1447203104,503907,700 S 11TH ST,,SUNNYSIDE,Yakima,Eastern WA,98944,5098396822,46.321496684036,-120.005948158331,Match,"700 S 11TH ST, SUNNYSIDE, WA, 98944",Census geocoder,CMS RHC Enrollments 2026-04-01
N W PEDIATRIC CENTER INC PS,N W PEDIATRIC CENTER INC PS,NORTHWEST PEDIATRIC CENTER,O20200903001577,1912515917,503928,1915 COOKS HILL RD,,CENTRALIA,Lewis,Western/other WA,98531,3607366778,46.713799130828,-122.985858455073,Match,"1915 COOKS HILL RD, CENTRALIA, WA, 98531",Census geocoder,CMS RHC Enrollments 2026-04-01
OKANOGAN COUNTY PUBLIC HOSPITAL DIST NO 4,OKANOGAN COUNTY PUBLIC HOSPITAL DIST NO 4,TONASKET FAMILY RHC,O20200810003296,1811555931,508594,118 S WHITCOMB AVE,,TONASKET,Okanogan,Eastern WA,98855,5094863191,48.706952177135,-119.437770539609,Match,"118 S WHITCOMB AVE, TONASKET, WA, 98855",Census geocoder,CMS RHC Enrollments 2026-04-01
OKANOGAN COUNTY PUBLIC HOSPITAL DISTRICT NO. 3,OKANOGAN COUNTY PUBLIC HOSPITAL DISTRICT NO. 3,MID VALLEY MEDICAL GROUP,O20031219000855,1558398230,508534,529 JASMINE ST,,OMAK,Okanogan,Eastern WA,98841,5098261600,48.403447204383,-119.540498094314,Match,"529 JASMINE ST, OMAK, WA, 98841",Census geocoder,CMS RHC Enrollments 2026-04-01
OKANOGAN DOUGLAS COUNTY HOSPITAL DIST 1,OKANOGAN DOUGLAS COUNTY HOSPITAL DIST 1,THREE RIVERS FAMILY MEDICINE,O20190925001756,1891347696,508589,415 HOSPITAL WAY,,BREWSTER,Okanogan,Eastern WA,98812,5096893749,48.107546832947,-119.781326113346,Match,"415 HOSPITAL WAY, BREWSTER, WA, 98812",Census geocoder,CMS RHC Enrollments 2026-04-01
PACIFIC COUNTY HOSPITAL DISTRICT 2,PACIFIC COUNTY HOSPITAL DISTRICT 2,WILLAPA MEDICAL CLINIC,O20130816000302,1760582522,508562,826 ALDER ST,,SOUTH BEND,Pacific,Western/other WA,98586,3608755579,46.66215140875,-123.812662756572,Match,"826 ALDER ST, SOUTH BEND, WA, 98586",Census geocoder,CMS RHC Enrollments 2026-04-01
PEND OREILLE COUNTY PUBLIC HOSPITAL DISTRICT NO 1,PEND OREILLE COUNTY PUBLIC HOSPITAL DISTRICT NO 1,NEWPORT HEALTH CENTER,O20050706000270,1912026360,508500,714 W PINE ST,BLDG C,NEWPORT,Pend Oreille,Eastern WA,99156,5094474885,48.182127071136,-117.048536702118,Match,"714 PINE ST, NEWPORT, WA, 99156",Census geocoder,CMS RHC Enrollments 2026-04-01
PRIVIA MEDICAL GROUP WASHINGTON PLLC,PRIVIA MEDICAL GROUP WASHINGTON PLLC,WALLA WALLA CLINIC,O20110111000930,1346441979,503846,55W TIETAN ST,,WALLA WALLA,Walla Walla,Eastern WA,99362,5095253720,46.049398317996,-118.331714494061,Match,"55 W TIETAN ST, WALLA WALLA, WA, 99362",Census geocoder,CMS RHC Enrollments 2026-04-01
PROSSER PUBLIC HOSPITAL DISTRICT OF BENTON COUNTY,PROSSER PUBLIC HOSPITAL DISTRICT OF BENTON COUNTY,BENTON CITY CLINIC,O20100622000300,1437199072,508554,701 DALE AVE,,BENTON CITY,Benton,Eastern WA,99320,5095884075,46.2632793,-119.4860041,No_Match,,Nominatim street fallback,CMS RHC Enrollments 2026-04-01
PROSSER PUBLIC HOSPITAL DISTRICT OF BENTON COUNTY,PROSSER PUBLIC HOSPITAL DISTRICT OF BENTON COUNTY,PROSSER MEMORIAL HEALTH GRANDVIEW CLINIC,O20190222000964,1376026237,508588,1003 WALLACE WAY,,GRANDVIEW,Yakima,Eastern WA,98930,5092031080,46.266805403129,-119.921797994376,Match,"1003 WALLACE WAY, GRANDVIEW, WA, 98930",Census geocoder,CMS RHC Enrollments 2026-04-01
PROSSER PUBLIC HOSPITAL DISTRICT OF BENTON COUNTY,PROSSER PUBLIC HOSPITAL DISTRICT OF BENTON COUNTY,PROSSER PMH FAMILY MEDICINE,O20170926001052,1477088391,508582,336 CHARDONNAY AVE,STE A,PROSSER,Benton,Eastern WA,99350,5097861576,46.218829990028,-119.786942604534,Match,"336 CHARDONNAY AVE, PROSSER, WA, 99350",Census geocoder,CMS RHC Enrollments 2026-04-01
PROVIDENCE HEALTH & SERVICES - WASHINGTON,PROVIDENCE HEALTH & SERVICES - WASHINGTON,PMG SW WA ROCHESTER FAM MED,O20050602000450,1205931508,503839,18313 PAULSON ST. SW,SUITE A,ROCHESTER,Thurston,Western/other WA,98579,3608278400,46.821593842587,-123.085867394917,Match,"18313 PAULSON ST SW, ROCHESTER, WA, 98579",Census geocoder,CMS RHC Enrollments 2026-04-01
PROVIDENCE HEALTH & SERVICES WASHINGTON,PROVIDENCE HEALTH & SERVICES - WASHINGTON,PROVIDENCE FAMILY MEDICINE CHEWELAH,O20221103000988,1639892672,503930,100 W SOUTH AVE,,CHEWELAH,Stevens,Eastern WA,99109,5099358111,48.270102137163,-117.717078168685,Match,"100 W SOUTH AVE, CHEWELAH, WA, 99109",Census geocoder,CMS RHC Enrollments 2026-04-01
PROVIDENCE HEALTH & SERVICES WASHINGTON,PROVIDENCE HEALTH & SERVICES - WASHINGTON,PROVIDENCE MEDICAL GROUP SOUTHWEST WASHINGTON,O20220830002329,1225763949,503929,1010 S SCHEUBER RD,,CENTRALIA,Lewis,Western/other WA,98531,3608277966,46.727447095715,-122.99330820815,Match,"1010 SCHEUBER RD N, CENTRALIA, WA, 98531",Census geocoder,CMS RHC Enrollments 2026-04-01
PROVIDENCE HEALTH & SERVICES WASHINGTON,PROVIDENCE HEALTH & SERVICES - WASHINGTON,PROVIDENCE NORTHEAST WASHINGTON MEDICAL GROUP,O20130510000593,1255685822,503865,1200 EAST COLUMBIA AVE,,COLVILLE,Stevens,Eastern WA,99114,5096843701,48.541215513262,-117.891042007744,Match,"1200 E COLUMBIA AVE, COLVILLE, WA, 99114",Census geocoder,CMS RHC Enrollments 2026-04-01
PROVIDENCE HEALTH & SERVICES WASHINGTON,PROVIDENCE HEALTH & SERVICES - WASHINGTON,PROVIDENCE NORTHEAST WASHINGTON MEDICAL GROUP,O20130510000564,1538413109,503860,840 SOUTH MEYERS STREET,,KETTLE FALLS,Stevens,Eastern WA,99141,5096857848,48.605132776955,-118.0558732308,Match,"840 S MEYERS ST, KETTLE FALLS, WA, 99141",Census geocoder,CMS RHC Enrollments 2026-04-01
PUBLIC HOSPITAL DIST NO 1 SKAGIT,PUBLIC HOSPITAL DIST NO 1 SKAGIT,CAMANO COMMUNITY HEALTH CLINIC,O20031218001052,1508932427,508502,127 NE CAMANO DR,STE A,CAMANO ISLAND,Island,Western/other WA,98282,3603875398,48.213580730755,-122.478111142477,Match,"127 NE CAMANO DR, CAMANO ISLAND, WA, 98282",Census geocoder,CMS RHC Enrollments 2026-04-01
PUBLIC HOSPITAL DIST NO 1 SKAGIT,PUBLIC HOSPITAL DIST NO 1 SKAGIT,SKAGIT REGIONAL HEALTH - DARRINGTON FAMILY MEDICINE,O20160603001680,1013064575,508509,1190 RIDDLE ST,,DARRINGTON,Snohomish,Western/other WA,98241,3604361055,48.253006741066,-121.608293796519,Match,"1190 RIDDLE ST, DARRINGTON, WA, 98241",Census geocoder,CMS RHC Enrollments 2026-04-01
PUBLIC HOSPITAL DISTRICT 3 OF PACIFIC COUNTY,PUBLIC HOSPITAL DISTRICT 3 OF PACIFIC COUNTY,NASELLE CLINIC,O20041119000815,1881858140,503984,309 KNAPPTON RD,,NASELLE,Pacific,Western/other WA,98638,3604847161,46.365532087553,-123.811065284435,Match,"309 KNAPPTON RD, NASELLE, WA, 98638",Census geocoder,CMS RHC Enrollments 2026-04-01
PUBLIC HOSPITAL DISTRICT 3 OF PACIFIC COUNTY,PUBLIC HOSPITAL DISTRICT 3 OF PACIFIC COUNTY,OCEAN BEACH MEDICAL CLINIC,O20041119000763,1639165905,503988,176 1ST AVE N,,ILWACO,Pacific,Western/other WA,98624,3606423747,46.311764596682,-124.043273303645,Match,"176 1ST AVE N, ILWACO, WA, 98624",Census geocoder,CMS RHC Enrollments 2026-04-01
PUBLIC HOSPITAL DISTRICT 3 OF PACIFIC COUNTY,PUBLIC HOSPITAL DISTRICT 3 OF PACIFIC COUNTY,OCEAN BEACH MEDICAL GROUP - OCEAN PARK,O20171115003436,1417482191,508578,1501 BAY AVE,STE 201,OCEAN PARK,Pacific,Western/other WA,98640,3606426387,46.491608657519,-124.044155378144,Match,"1501 BAY AVE, OCEAN PARK, WA, 98640",Census geocoder,CMS RHC Enrollments 2026-04-01
PUBLIC HOSPITAL DISTRICT NO 1 OF MASON COUNTY,PUBLIC HOSPITAL DISTRICT NO 1 OF MASON COUNTY,MASON GENERAL HOSPITAL FAMILY HEALTH,O20160706001095,1164876629,508571,1812 N 13TH LOOP RD,,SHELTON,Mason,Western/other WA,98584,3604263862,47.225762940291,-123.112214704269,Match,"1812 N 13TH LOOP RD, SHELTON, WA, 98584",Census geocoder,CMS RHC Enrollments 2026-04-01
PUBLIC HOSPITAL DISTRICT NO 1 OF MASON COUNTY,PUBLIC HOSPITAL DISTRICT NO 1 OF MASON COUNTY,MASON GENERAL HOSPITAL OLYMPIC PHYSICIANS,O20131219001469,1306274667,508565,221 PROFESSIONAL WAY,,SHELTON,Mason,Western/other WA,98584,3604262500,47.224624855956,-123.112474303813,Match,"221 PROFESSIONAL WAY, SHELTON, WA, 98584",Census geocoder,CMS RHC Enrollments 2026-04-01
PUBLIC HOSPITAL DISTRICT NO 1 OF MASON COUNTY,PUBLIC HOSPITAL DISTRICT NO 1 OF MASON COUNTY,MASON GENERAL HOSPITAL OLYMPIC PHYSICIANS,O20131219001411,1205264561,508564,237 PROFESSIONAL WAY,,SHELTON,Mason,Western/other WA,98584,3604262500,47.224613476916,-123.112112451641,Match,"237 PROFESSIONAL WAY, SHELTON, WA, 98584",Census geocoder,CMS RHC Enrollments 2026-04-01
PUBLIC HOSPITAL DISTRICT NO 1 OF MASON COUNTY,PUBLIC HOSPITAL DISTRICT NO 1 OF MASON COUNTY,MASON HEALTH HOODSPORT PRIMARY CARE,O20131220001296,1467881326,508566,24261 N US HIGHWAY 101,,HOODSPORT,Mason,Western/other WA,98548,3604327781,47.406306575541,-123.140774353049,Match,"24261 N US HWY 101, HOODSPORT, WA, 98548",Census geocoder,CMS RHC Enrollments 2026-04-01
PUBLIC HOSPITAL DISTRICT NO 1 OF MASON COUNTY,PUBLIC HOSPITAL DISTRICT NO 1 OF MASON COUNTY,MASON HEALTH-EVERGREEN CLINIC,O20130325000440,1679803126,508551,1812 N 13TH LOOP RD,,SHELTON,Mason,Western/other WA,98584,3604262653,47.225762940291,-123.112214704269,Match,"1812 N 13TH LOOP RD, SHELTON, WA, 98584",Census geocoder,CMS RHC Enrollments 2026-04-01
PUBLIC HOSPITAL DISTRICT NO 1 OF MASON COUNTY,PUBLIC HOSPITAL DISTRICT NO 1 OF MASON COUNTY,MASON HEALTH-MASON CLINIC,O20090827000532,1598906455,508549,1701 N 13TH ST,,SHELTON,Mason,Western/other WA,98584,3604262653,47.224649085134,-123.113092091699,Match,"1701 N 13TH ST, SHELTON, WA, 98584",Census geocoder,CMS RHC Enrollments 2026-04-01
PUBLIC HOSPITAL DISTRICT NO 1 OF MASON COUNTY,PUBLIC HOSPITAL DISTRICT NO 1 OF MASON COUNTY,MASON HEALTH-OAKLAND BAY PRIMARY CARE,O20130325000347,1619180213,508527,247 PROFESSIONAL WAY,,SHELTON,Mason,Western/other WA,98584,3604263102,47.224606365016,-123.111886294034,Match,"247 PROFESSIONAL WAY, SHELTON, WA, 98584",Census geocoder,CMS RHC Enrollments 2026-04-01
PUBLIC HOSPITAL DISTRICT NO 2 SKAGIT COUNTY WASHINGTON,PUBLIC HOSPITAL DISTRICT NO 2 SKAGIT COUNTY WASHINGTON,ANACORTES FAMILY MEDICINE,O20040513000726,1649288176,508505,2511 M AVE STE B,,ANACORTES,Skagit,Western/other WA,98221,3602994211,48.501969102788,-122.6173663464,Match,"2511 M AVE, ANACORTES, WA, 98221",Census geocoder,CMS RHC Enrollments 2026-04-01
PUBLIC HOSPITAL DISTRICT NO 2 SKAGIT COUNTY WASHINGTON,PUBLIC HOSPITAL DISTRICT NO 2 SKAGIT COUNTY WASHINGTON,FIDALGO MEDICAL ASSOCIATES,O20081211000836,1245481720,508548,1213 24TH ST STE 100,,ANACORTES,Skagit,Western/other WA,98221,3602933101,48.502846610535,-122.615920570749,Match,"1213 24TH ST, ANACORTES, WA, 98221",Census geocoder,CMS RHC Enrollments 2026-04-01
PUBLIC HOSPITAL DISTRICT NO 2 SKAGIT COUNTY WASHINGTON,PUBLIC HOSPITAL DISTRICT NO 2 SKAGIT COUNTY WASHINGTON,ISLAND PRIMARY CARE - ORCAS,O20211014001162,1245827781,508595,7 DEYE LN,,EASTSOUND,San Juan,Western/other WA,98245,3603762561,48.702868093796,-122.903027089529,Match,"7 DEYE LN, EASTSOUND, WA, 98245",Census geocoder,CMS RHC Enrollments 2026-04-01
PUBLIC HOSPITAL DISTRICT NO 4 KING COUNTY WASHINGTON,PUBLIC HOSPITAL DISTRICT NO 4 KING COUNTY WASHINGTON,SNOQUALMIE RIDGE MEDICAL CLINIC,O20180213003060,1194237131,508580,35020 SE KINSEY ST,,SNOQUALMIE,King,Western/other WA,98065,4253967682,47.530929205507,-121.872983256853,Match,"35020 SE KINSEY ST, SNOQUALMIE, WA, 98065",Census geocoder,CMS RHC Enrollments 2026-04-01
PUBLIC HOSPITAL DISTRICT NO 4 KING COUNTY WASHINGTON,PUBLIC HOSPITAL DISTRICT NO 4 KING COUNTY WASHINGTON,SNOQUALMIE VALLEY HOSPITAL CLINIC,O20180209002443,1558869289,508579,9801 FRONTIER AVE SE,,SNOQUALMIE,King,Western/other WA,98065,4258312313,47.512263561519,-121.884722942298,Match,"9801 FRONTIER AVE SE, SNOQUALMIE, WA, 98065",Census geocoder,CMS RHC Enrollments 2026-04-01
"PUBLIC HOSPITAL DISTRICT NO. 2, KLICKITAT COUNTY, WASHINGTON","PUBLIC HOSPITAL DISTRICT NO. 2, KLICKITAT COUNTY, WASHINGTON",SKYLINE MEDICAL CLINIC,O20171128001945,1467961250,508573,212 NE SKYLINE DR,,WHITE SALMON,Klickitat,Eastern WA,98672,5096372810,45.723146750041,-121.470344678133,Match,"212 NE SKYLINE DR, WHITE SALMON, WA, 98672",Census geocoder,CMS RHC Enrollments 2026-04-01
SHC MEDICAL CENTER TOPPENISH,SHC HOLDCO LLC,ASTRIA HEALTH,O20190109002710,1659809457,508581,1016 TACOMA AVE,,SUNNYSIDE,Yakima,Eastern WA,98944,5098653105,46.32234023828,-120.006991540695,Match,"1016 TACOMA AVE, SUNNYSIDE, WA, 98944",Census geocoder,CMS RHC Enrollments 2026-04-01
SHC MEDICAL CENTER TOPPENISH,SHC HOLDCO LLC,ASTRIA HEALTH CENTER,O20190102003109,1013492784,508586,1420 AHTANUM RIDGE DR,,UNION GAP,Yakima,Eastern WA,98903,5094547700,46.556766957617,-120.496908424748,Match,"1420 AHTANUM RIDGE DR, UNION GAP, WA, 98903",Census geocoder,CMS RHC Enrollments 2026-04-01
SUNNYSIDE COMMUNITY HOSPITAL ASSOCIATION,ASTRIA HEALTH,ASTRIA HEALTH CENTER,O20050322000418,1689671984,508540,208 N EUCLID RD,,GRANDVIEW,Yakima,Eastern WA,98930,5098821855,46.254972024934,-119.915663676652,Match,"208 EUCLID RD, GRANDVIEW, WA, 98930",Census geocoder,CMS RHC Enrollments 2026-04-01
SUNNYSIDE COMMUNITY HOSPITAL ASSOCIATION,ASTRIA HEALTH,ASTRIA HEALTH CENTER,O20050221000156,1740289560,508539,222 E 2ND ST,,GRANDVIEW,Yakima,Eastern WA,98930,5092036501,46.254752908362,-119.900095609932,Match,"222 E 2ND ST, GRANDVIEW, WA, 98930",Census geocoder,CMS RHC Enrollments 2026-04-01
SUNNYSIDE COMMUNITY HOSPITAL ASSOCIATION,ASTRIA HEALTH,ASTRIA HEALTH CENTER,O20070430000513,1851397426,508546,1812 E EDISON AVE,,SUNNYSIDE,Yakima,Eastern WA,98944,5097123295,46.323807505461,-119.998621011471,Match,"1812 E EDISON AVE, SUNNYSIDE, WA, 98944",Census geocoder,CMS RHC Enrollments 2026-04-01
SUNNYSIDE COMMUNITY HOSPITAL ASSOCIATION,ASTRIA HEALTH,ASTRIA HEALTH CENTER,O20131106001676,1407289184,508569,2201 E EDISON RD,,SUNNYSIDE,Yakima,Eastern WA,98944,5098373090,46.323849005606,-119.99343807036,Match,"2201 E EDISON RD, SUNNYSIDE, WA, 98944",Census geocoder,CMS RHC Enrollments 2026-04-01
SUNNYSIDE COMMUNITY HOSPITAL ASSOCIATION,ASTRIA HEALTH,ASTRIA HEALTH CENTER,O20130725000146,1841639119,508563,2705 E LINCOLN AVE,,SUNNYSIDE,Yakima,Eastern WA,98944,5098371571,46.316740464771,-119.987997982318,Match,"2705 E LINCOLN AVE, SUNNYSIDE, WA, 98944",Census geocoder,CMS RHC Enrollments 2026-04-01
SUNNYSIDE COMMUNITY HOSPITAL ASSOCIATION,SUNNYSIDE COMMUNITY HOSPITAL ASSOCIATION,ASTRIA HEALTH CENTER,O20050221000162,1679521637,508538,803 E LINCOLN AVE,,SUNNYSIDE,Yakima,Eastern WA,98944,5098376911,46.316447915711,-120.009945560746,Match,"803 E LINCOLN AVE, SUNNYSIDE, WA, 98944",Census geocoder,CMS RHC Enrollments 2026-04-01
SUNNYSIDE COMMUNITY HOSPITAL ASSOCIATION,ASTRIA HEALTH,ASTRIA HEALTH CENTER,O20080721000510,1467464396,508547,803 E LINCOLN AVE,,SUNNYSIDE,Yakima,Eastern WA,98944,5098376911,46.316447915711,-120.009945560746,Match,"803 E LINCOLN AVE, SUNNYSIDE, WA, 98944",Census geocoder,CMS RHC Enrollments 2026-04-01
SUNNYSIDE COMMUNITY HOSPITAL ASSOCIATION,ASTRIA HEALTH,ASTRIA URGENT CARE CENTER,O20141230000948,1912305905,508570,355 CHARDONNAY AVE,,PROSSER,Benton,Eastern WA,99350,5097816366,46.218357969151,-119.786833154998,Match,"355 CHARDONNAY AVE, PROSSER, WA, 99350",Census geocoder,CMS RHC Enrollments 2026-04-01
"SWOFFORD & HALMA CLINIC, INC. P.S.","SWOFFORD & HALMA CLINIC, INC. P.S.","SWOFFORD & HALMA CLINIC, INC. P.S.",O20051012000213,1992758486,503908,2303  REITH WAY,,SUNNYSIDE,Yakima,Eastern WA,98944,5098373933,46.325393912257,-119.982155533897,Match,"2303 REITH WAY, SUNNYSIDE, WA, 98944",Census geocoder,CMS RHC Enrollments 2026-04-01
TULALIP TRIBES OF WASHINGTON,TULALIP TRIBES OF WASHINGTON,TULALIP HEALTH CLINIC,O20040325000954,1770531501,503809,7520 TOTEM BEACH ROAD,,TULALIP,Snohomish,Western/other WA,98271,3607164511,48.064246046109,-122.283143039614,Match,"7520 TOTEM BEACH RD, TULALIP, WA, 98271",Census geocoder,CMS RHC Enrollments 2026-04-01
WHIDBEY ISLAND PUBLIC HOSPITAL DISTRICT,WHIDBEY ISLAND PUBLIC HOSPITAL DISTRICT,WHIDBEYHEALTH PRIMARY CARE - CABOT,O20171129003305,1982116901,508584,275 SE CABOT DR,STE B101,OAK HARBOR,Island,Western/other WA,98277,3606756648,48.295762033656,-122.654329790642,Match,"275 SE CABOT DR, OAK HARBOR, WA, 98277",Census geocoder,CMS RHC Enrollments 2026-04-01
WHIDBEY ISLAND PUBLIC HOSPITAL DISTRICT,WHIDBEY ISLAND PUBLIC HOSPITAL DISTRICT,WHIDBEYHEALTH PRIMARY CARE - CLINTON,O20030417000036,1154361590,508506,11245 STATE ROUTE 525,,CLINTON,Island,Western/other WA,98236,3603415252null,47.995424407336,-122.400738591735,Match,"11245 STATE RTE 525, CLINTON, WA, 98236",Census geocoder,CMS RHC Enrollments 2026-04-01
WHIDBEY ISLAND PUBLIC HOSPITAL DISTRICT,WHIDBEY ISLAND PUBLIC HOSPITAL DISTRICT,WHIDBEYHEALTH PRIMARY CARE - COUPEVILLE,O20180925001445,1679115810,508583,77 N MAIN ST,,COUPEVILLE,Island,Western/other WA,98239,3606822814,48.213882476476,-122.686032420485,Match,"77 N MAIN ST, COUPEVILLE, WA, 98239",Census geocoder,CMS RHC Enrollments 2026-04-01
WHIDBEY ISLAND PUBLIC HOSPITAL DISTRICT,WHIDBEY ISLAND PUBLIC HOSPITAL DISTRICT,WHIDBEYHEALTH PRIMARY CARE - FREELAND,O20171129002936,1164934188,508585,5486 HARBOR AVE,,FREELAND,Island,Western/other WA,98249,3603315060,48.010115002427,-122.527267619754,Match,"5486 HARBOR RD, FREELAND, WA, 98249",Census geocoder,CMS RHC Enrollments 2026-04-01
WHIDBEY ISLAND PUBLIC HOSPITAL DISTRICT,WHIDBEY ISLAND PUBLIC HOSPITAL DISTRICT,WHIDBEYHEALTH PRIMARY CARE - GOLDIE ST.,O20030417000034,1467497636,503996,1300 NE GOLDIE ST,,OAK HARBOR,Island,Western/other WA,98277,3606795590,48.3091622,-122.6433962,No_Match,,Nominatim address fallback,CMS RHC Enrollments 2026-04-01